Questionnaire Template Name,Question ID,Question,Has File,Question Ordering,Answer,Submit Risk,Subject,Owner,Affected Assets,Sub Questions,Risk Scoring Method,Calculated Risk,Classic-Likelihood,Classic-Impact,CVSS-Attack Vector,CVSS-Attack Complexity,CVSS-Authentication,CVSS-Confidentiality Impact,CVSS-Integrity Impact,CVSS-Availability Impact,CVSS-Exploitability,CVSS-Remediation Level,CVSS-Report Confidence,CVSS-Collateral Damage Potential,CVSS-Target Distribution,CVSS-Confidentiality Requirement,CVSS-Integrity Requirement,CVSS-Availability Requirement,DREAD-Damage Potential,DREAD-Reproducibility,DREAD-Exploitability,DREAD-Affected Users,DREAD-Discoverability,OWASP-Skill Level,OWASP-Motive,OWASP-Opportunity,OWASP-Size,OWASP-Ease of Discovery,OWASP-Ease of Exploit,OWASP-Awareness,OWASP-Intrusion Detection,OWASP-Loss of Confidentiality,OWASP-Loss of Integrity,OWASP-Loss of Availability,OWASP-Loss of Accountability,OWASP-Financial Damage,OWASP-Reputation Damage,OWASP-Non-Compliance,OWASP-Privacy Violation,Custom Value,Contributing Likelihood,Contributing Subjects and Impacts
Higher Education Community Vendor Assessment Tool (HECVAT) - Full (v2.11),1,QUAL-01: Does your product process protected health information (PHI) or any data covered by the Health Insurance Portability and Accountability Act?,,,,,,,,,,,,,,,,,,,,,,,,,,,,,,,,,,,,,,,,,,,,,,,,,,
Higher Education Community Vendor Assessment Tool (HECVAT) - Full (v2.11),2,QUAL-02: Does the vended product host/support a mobile application? (e.g. app),,,,,,,,,,,,,,,,,,,,,,,,,,,,,,,,,,,,,,,,,,,,,,,,,,
Higher Education Community Vendor Assessment Tool (HECVAT) - Full (v2.11),3,QUAL-03: Will institution data be shared with or hosted by any third parties? (e.g. any entity not wholly-owned by your company is considered a third-party),,,,,,,,,,,,,,,,,,,,,,,,,,,,,,,,,,,,,,,,,,,,,,,,,,
Higher Education Community Vendor Assessment Tool (HECVAT) - Full (v2.11),4,QUAL-04: Do you have a Business Continuity Plan (BCP)?,,,,,,,,,,,,,,,,,,,,,,,,,,,,,,,,,,,,,,,,,,,,,,,,,,
Higher Education Community Vendor Assessment Tool (HECVAT) - Full (v2.11),5,QUAL-05: Do you have a Disaster Recovery Plan (DRP)?,,,,,,,,,,,,,,,,,,,,,,,,,,,,,,,,,,,,,,,,,,,,,,,,,,
Higher Education Community Vendor Assessment Tool (HECVAT) - Full (v2.11),6,QUAL-06: Will data regulated by PCI DSS reside in the vended product?,,,,,,,,,,,,,,,,,,,,,,,,,,,,,,,,,,,,,,,,,,,,,,,,,,
Higher Education Community Vendor Assessment Tool (HECVAT) - Full (v2.11),7,QUAL-07: Is your company a consulting firm providing only consultation to the Institution?,,,,,,,,,,,,,,,,,,,,,,,,,,,,,,,,,,,,,,,,,,,,,,,,,,
Higher Education Community Vendor Assessment Tool (HECVAT) - Full (v2.11),8,Documentation: ,Vendor Answers,,,,,,,,,,,,,,,,,,,,,,,,,,,,,,,,,,,,,,,,,,,,,,,,,
Higher Education Community Vendor Assessment Tool (HECVAT) - Full (v2.11),9,DOCU-01: Have you undergone a SSAE 18 audit?,,,,,,,,,,,,,,,,,,,,,,,,,,,,,,,,,,,,,,,,,,,,,,,,,,
Higher Education Community Vendor Assessment Tool (HECVAT) - Full (v2.11),10,DOCU-02: Have you completed the Cloud Security Alliance (CSA) self assessment or CAIQ?,,,,,,,,,,,,,,,,,,,,,,,,,,,,,,,,,,,,,,,,,,,,,,,,,,
Higher Education Community Vendor Assessment Tool (HECVAT) - Full (v2.11),11,DOCU-03: Have you received the Cloud Security Alliance STAR certification?,,,,,,,,,,,,,,,,,,,,,,,,,,,,,,,,,,,,,,,,,,,,,,,,,,
Higher Education Community Vendor Assessment Tool (HECVAT) - Full (v2.11),12,"DOCU-04: Do you conform with a specific industry standard security framework? (e.g. NIST Cybersecurity Framework, ISO 27001, etc.)",,,,,,,,,,,,,,,,,,,,,,,,,,,,,,,,,,,,,,,,,,,,,,,,,,
Higher Education Community Vendor Assessment Tool (HECVAT) - Full (v2.11),13,DOCU-05: Are you compliant with FISMA standards?,,,,,,,,,,,,,,,,,,,,,,,,,,,,,,,,,,,,,,,,,,,,,,,,,,
Higher Education Community Vendor Assessment Tool (HECVAT) - Full (v2.11),14,DOCU-06: Does your organization have a data privacy policy?,,,,,,,,,,,,,,,,,,,,,,,,,,,,,,,,,,,,,,,,,,,,,,,,,,
Higher Education Community Vendor Assessment Tool (HECVAT) - Full (v2.11),15,Company Overview: ,Vendor Answers,,,,,,,,,,,,,,,,,,,,,,,,,,,,,,,,,,,,,,,,,,,,,,,,,
Higher Education Community Vendor Assessment Tool (HECVAT) - Full (v2.11),16,"COMP-01: Describe your organization’s business background and ownership structure, including all parent and subsidiary relationships.",,,,,,,,,,,,,,,,,,,,,,,,,,,,,,,,,,,,,,,,,,,,,,,,,,
Higher Education Community Vendor Assessment Tool (HECVAT) - Full (v2.11),17,COMP-02: Describe how long your organization has conducted business in this product area.,,,,,,,,,,,,,,,,,,,,,,,,,,,,,,,,,,,,,,,,,,,,,,,,,,
Higher Education Community Vendor Assessment Tool (HECVAT) - Full (v2.11),18,COMP-03: Do you have existing higher education customers?,,,,,,,,,,,,,,,,,,,,,,,,,,,,,,,,,,,,,,,,,,,,,,,,,,
Higher Education Community Vendor Assessment Tool (HECVAT) - Full (v2.11),19,COMP-04: Have you had a significant breach in the last 5 years?,,,,,,,,,,,,,,,,,,,,,,,,,,,,,,,,,,,,,,,,,,,,,,,,,,
Higher Education Community Vendor Assessment Tool (HECVAT) - Full (v2.11),20,COMP-05: Do you have a dedicated Information Security staff or office?,,,,,,,,,,,,,,,,,,,,,,,,,,,,,,,,,,,,,,,,,,,,,,,,,,
Higher Education Community Vendor Assessment Tool (HECVAT) - Full (v2.11),21,"COMP-06: Do you have a dedicated Software and System Development team(s)? (e.g. Customer Support, Implementation, Product Management, etc.)",,,,,,,,,,,,,,,,,,,,,,,,,,,,,,,,,,,,,,,,,,,,,,,,,,
Higher Education Community Vendor Assessment Tool (HECVAT) - Full (v2.11),22,COMP-07: Use this area to share information about your environment that will assist those who are assessing your company data security program.,,,,,,,,,,,,,,,,,,,,,,,,,,,,,,,,,,,,,,,,,,,,,,,,,,
Higher Education Community Vendor Assessment Tool (HECVAT) - Full (v2.11),23,Third Parties: ,Vendor Answers,,,,,,,,,,,,,,,,,,,,,,,,,,,,,,,,,,,,,,,,,,,,,,,,,
Higher Education Community Vendor Assessment Tool (HECVAT) - Full (v2.11),24,"THRD-01: Describe how you perform security assessments of third party companies with which you share data (i.e. hosting providers, cloud services, PaaS, IaaS, SaaS, etc.). Provide a summary of your practices that assures that the third party will be subject to the appropriate standards regarding security, service recoverability, and confidentiality.",,,,,,,,,,,,,,,,,,,,,,,,,,,,,,,,,,,,,,,,,,,,,,,,,,
Higher Education Community Vendor Assessment Tool (HECVAT) - Full (v2.11),25,THRD-02: Provide a brief description for why each of these third parties will have access to institution data.,,,,,,,,,,,,,,,,,,,,,,,,,,,,,,,,,,,,,,,,,,,,,,,,,,
Higher Education Community Vendor Assessment Tool (HECVAT) - Full (v2.11),26,THRD-03: What legal agreements (i.e. contracts) do you have in place with these third parties that address liability in the event of a data breach?,,,,,,,,,,,,,,,,,,,,,,,,,,,,,,,,,,,,,,,,,,,,,,,,,,
Higher Education Community Vendor Assessment Tool (HECVAT) - Full (v2.11),27,THRD-04: Describe or provide references to your third party management strategy or provide additional information that may help analysts better understand your environment and how it relates to third-party solutions.,,,,,,,,,,,,,,,,,,,,,,,,,,,,,,,,,,,,,,,,,,,,,,,,,,
Higher Education Community Vendor Assessment Tool (HECVAT) - Full (v2.11),28,Consulting: ,Vendor Answers,,,,,,,,,,,,,,,,,,,,,,,,,,,,,,,,,,,,,,,,,,,,,,,,,
Higher Education Community Vendor Assessment Tool (HECVAT) - Full (v2.11),29,CONS-01: Will the consulting take place on-premises?,,,,,,,,,,,,,,,,,,,,,,,,,,,,,,,,,,,,,,,,,,,,,,,,,,
Higher Education Community Vendor Assessment Tool (HECVAT) - Full (v2.11),30,CONS-02: Will the consultant require access to Institution's network resources?,,,,,,,,,,,,,,,,,,,,,,,,,,,,,,,,,,,,,,,,,,,,,,,,,,
Higher Education Community Vendor Assessment Tool (HECVAT) - Full (v2.11),31,CONS-03: Will the consultant require access to hardware in the Institution's data centers?,,,,,,,,,,,,,,,,,,,,,,,,,,,,,,,,,,,,,,,,,,,,,,,,,,
Higher Education Community Vendor Assessment Tool (HECVAT) - Full (v2.11),32,CONS-04: Will the consultant require an account within the Institution's domain (@*.edu)?,,,,,,,,,,,,,,,,,,,,,,,,,,,,,,,,,,,,,,,,,,,,,,,,,,
Higher Education Community Vendor Assessment Tool (HECVAT) - Full (v2.11),33,"CONS-05: Has the consultant received training on [sensitive, HIPAA, PCI, etc.] data handling?",,,,,,,,,,,,,,,,,,,,,,,,,,,,,,,,,,,,,,,,,,,,,,,,,,
Higher Education Community Vendor Assessment Tool (HECVAT) - Full (v2.11),34,CONS-06: Will any data be transferred to the consultant's possession?,,,,,,,,,,,,,,,,,,,,,,,,,,,,,,,,,,,,,,,,,,,,,,,,,,
Higher Education Community Vendor Assessment Tool (HECVAT) - Full (v2.11),35,CONS-07: Is it encrypted (at rest) while in the consultant's possession?,,,,,,,,,,,,,,,,,,,,,,,,,,,,,,,,,,,,,,,,,,,,,,,,,,
Higher Education Community Vendor Assessment Tool (HECVAT) - Full (v2.11),36,CONS-08: Will the consultant need remote access to the Institution's network or systems?,,,,,,,,,,,,,,,,,,,,,,,,,,,,,,,,,,,,,,,,,,,,,,,,,,
Higher Education Community Vendor Assessment Tool (HECVAT) - Full (v2.11),37,CONS-09: Can we restrict that access based on source IP address?,,,,,,,,,,,,,,,,,,,,,,,,,,,,,,,,,,,,,,,,,,,,,,,,,,
Higher Education Community Vendor Assessment Tool (HECVAT) - Full (v2.11),38,Application/Service Security: ,Vendor Answers,,,,,,,,,,,,,,,,,,,,,,,,,,,,,,,,,,,,,,,,,,,,,,,,,
Higher Education Community Vendor Assessment Tool (HECVAT) - Full (v2.11),39,APPL-01: Do you support role-based access control (RBAC) for end-users?,,,,,,,,,,,,,,,,,,,,,,,,,,,,,,,,,,,,,,,,,,,,,,,,,,
Higher Education Community Vendor Assessment Tool (HECVAT) - Full (v2.11),40,APPL-02: Do you support role-based access control (RBAC) for system administrators?,,,,,,,,,,,,,,,,,,,,,,,,,,,,,,,,,,,,,,,,,,,,,,,,,,
Higher Education Community Vendor Assessment Tool (HECVAT) - Full (v2.11),41,APPL-03: Can employees access customer data remotely?,,,,,,,,,,,,,,,,,,,,,,,,,,,,,,,,,,,,,,,,,,,,,,,,,,
Higher Education Community Vendor Assessment Tool (HECVAT) - Full (v2.11),42,APPL-04: Can you provide overall system and/or application architecture diagrams including a full description of the data communications architecture for all components of the system?,,,,,,,,,,,,,,,,,,,,,,,,,,,,,,,,,,,,,,,,,,,,,,,,,,
Higher Education Community Vendor Assessment Tool (HECVAT) - Full (v2.11),43,APPL-05: Does the system provide data input validation and error messages? ,,,,,,,,,,,,,,,,,,,,,,,,,,,,,,,,,,,,,,,,,,,,,,,,,,
Higher Education Community Vendor Assessment Tool (HECVAT) - Full (v2.11),44,APPL-06: Do you employ a single-tenant environment? ,,,,,,,,,,,,,,,,,,,,,,,,,,,,,,,,,,,,,,,,,,,,,,,,,,
Higher Education Community Vendor Assessment Tool (HECVAT) - Full (v2.11),45,APPL-07: What operating system(s) is/are leveraged by the system(s)/application(s) that will have access to institution's data?,,,,,,,,,,,,,,,,,,,,,,,,,,,,,,,,,,,,,,,,,,,,,,,,,,
Higher Education Community Vendor Assessment Tool (HECVAT) - Full (v2.11),46,APPL-08: Have you or any third party you contract with that may have access or allow access to the institution's data experienced a breach?,,,,,,,,,,,,,,,,,,,,,,,,,,,,,,,,,,,,,,,,,,,,,,,,,,
Higher Education Community Vendor Assessment Tool (HECVAT) - Full (v2.11),47,APPL-09: Describe or provide a reference to additional software/products necessary to implement a functional system on either the backend or user-interface side of the system. ,,,,,,,,,,,,,,,,,,,,,,,,,,,,,,,,,,,,,,,,,,,,,,,,,,
Higher Education Community Vendor Assessment Tool (HECVAT) - Full (v2.11),48,"APPL-10: Describe or provide a reference to the overall system and/or application architecture(s), including appropriate diagrams. Include a full description of the data communications architecture for all components of the system. ",,,,,,,,,,,,,,,,,,,,,,,,,,,,,,,,,,,,,,,,,,,,,,,,,,
Higher Education Community Vendor Assessment Tool (HECVAT) - Full (v2.11),49,APPL-11: Are databases used in the system segregated from front-end systems? (e.g. web and application servers),,,,,,,,,,,,,,,,,,,,,,,,,,,,,,,,,,,,,,,,,,,,,,,,,,
Higher Education Community Vendor Assessment Tool (HECVAT) - Full (v2.11),50,APPL-12: Describe or provide a reference to all web-enabled features and functionality of the system (i.e. accessed via a web-based interface). ,,,,,,,,,,,,,,,,,,,,,,,,,,,,,,,,,,,,,,,,,,,,,,,,,,
Higher Education Community Vendor Assessment Tool (HECVAT) - Full (v2.11),51,APPL-13: Are there any OS and/or web-browser combinations that are not currently supported?,,,,,,,,,,,,,,,,,,,,,,,,,,,,,,,,,,,,,,,,,,,,,,,,,,
Higher Education Community Vendor Assessment Tool (HECVAT) - Full (v2.11),52,APPL-14: Can your system take advantage of mobile and/or GPS enabled mobile devices?  ,,,,,,,,,,,,,,,,,,,,,,,,,,,,,,,,,,,,,,,,,,,,,,,,,,
Higher Education Community Vendor Assessment Tool (HECVAT) - Full (v2.11),53,APPL-15: Describe or provide a reference to the facilities available in the system to provide separation of duties between security administration and system administration functions.,,,,,,,,,,,,,,,,,,,,,,,,,,,,,,,,,,,,,,,,,,,,,,,,,,
Higher Education Community Vendor Assessment Tool (HECVAT) - Full (v2.11),54,"APPL-16: Describe or provide a reference that details how administrator access is handled (e.g. provisioning, principle of least privilege, deprovisioning, etc.)",,,,,,,,,,,,,,,,,,,,,,,,,,,,,,,,,,,,,,,,,,,,,,,,,,
Higher Education Community Vendor Assessment Tool (HECVAT) - Full (v2.11),55,"APPL-17: Describe or provide references explaining how tertiary services are redundant (i.e. DNS, ISP, etc.).",,,,,,,,,,,,,,,,,,,,,,,,,,,,,,,,,,,,,,,,,,,,,,,,,,
Higher Education Community Vendor Assessment Tool (HECVAT) - Full (v2.11),56,"Authentication, Authorization, and Accounting: ",Vendor Answers,,,,,,,,,,,,,,,,,,,,,,,,,,,,,,,,,,,,,,,,,,,,,,,,,
Higher Education Community Vendor Assessment Tool (HECVAT) - Full (v2.11),57,AAAI-01: Can you enforce password/passphrase aging requirements?,,,,,,,,,,,,,,,,,,,,,,,,,,,,,,,,,,,,,,,,,,,,,,,,,,
Higher Education Community Vendor Assessment Tool (HECVAT) - Full (v2.11),58,AAAI-02: Can you enforce password/passphrase complexity requirements [provided by the institution]?,,,,,,,,,,,,,,,,,,,,,,,,,,,,,,,,,,,,,,,,,,,,,,,,,,
Higher Education Community Vendor Assessment Tool (HECVAT) - Full (v2.11),59,AAAI-03: Does the system have password complexity or length limitations and/or restrictions?,,,,,,,,,,,,,,,,,,,,,,,,,,,,,,,,,,,,,,,,,,,,,,,,,,
Higher Education Community Vendor Assessment Tool (HECVAT) - Full (v2.11),60,AAAI-04: Do you have documented password/passphrase reset procedures that are currently implemented in the system and/or customer support?,,,,,,,,,,,,,,,,,,,,,,,,,,,,,,,,,,,,,,,,,,,,,,,,,,
Higher Education Community Vendor Assessment Tool (HECVAT) - Full (v2.11),61,"AAAI-05: Does your web-based interface support authentication, including standards-based single-sign-on? (e.g. InCommon)",,,,,,,,,,,,,,,,,,,,,,,,,,,,,,,,,,,,,,,,,,,,,,,,,,
Higher Education Community Vendor Assessment Tool (HECVAT) - Full (v2.11),62,AAAI-06: Are there any passwords/passphrases hard coded into your systems or products?,,,,,,,,,,,,,,,,,,,,,,,,,,,,,,,,,,,,,,,,,,,,,,,,,,
Higher Education Community Vendor Assessment Tool (HECVAT) - Full (v2.11),63,AAAI-07: Are user account passwords/passphrases visible in administration modules?,,,,,,,,,,,,,,,,,,,,,,,,,,,,,,,,,,,,,,,,,,,,,,,,,,
Higher Education Community Vendor Assessment Tool (HECVAT) - Full (v2.11),64,AAAI-08: Are user account passwords/passphrases stored encrypted?,,,,,,,,,,,,,,,,,,,,,,,,,,,,,,,,,,,,,,,,,,,,,,,,,,
Higher Education Community Vendor Assessment Tool (HECVAT) - Full (v2.11),65,"AAAI-09: Does your application and/or user-frontend/portal support multi-factor authentication? (e.g. Duo, Google Authenticator, OTP, etc.)",,,,,,,,,,,,,,,,,,,,,,,,,,,,,,,,,,,,,,,,,,,,,,,,,,
Higher Education Community Vendor Assessment Tool (HECVAT) - Full (v2.11),66,"AAAI-10: Does your application support integration with other authentication and authorization systems?  List which ones (such as Active Directory, Kerberos and what version) in Additional Info?",,,,,,,,,,,,,,,,,,,,,,,,,,,,,,,,,,,,,,,,,,,,,,,,,,
Higher Education Community Vendor Assessment Tool (HECVAT) - Full (v2.11),67,AAAI-11: Will any external authentication or authorization system be utilized by an application with access to the institution's data?,,,,,,,,,,,,,,,,,,,,,,,,,,,,,,,,,,,,,,,,,,,,,,,,,,
Higher Education Community Vendor Assessment Tool (HECVAT) - Full (v2.11),68,"AAAI-12: Does the system (servers/infrastructure) support external authentication services (e.g. Active Directory, LDAP) in place of local authentication?",,,,,,,,,,,,,,,,,,,,,,,,,,,,,,,,,,,,,,,,,,,,,,,,,,
Higher Education Community Vendor Assessment Tool (HECVAT) - Full (v2.11),69,AAAI-13: Does the system operate in a mixed authentication mode (i.e. external and local authentication)?,,,,,,,,,,,,,,,,,,,,,,,,,,,,,,,,,,,,,,,,,,,,,,,,,,
Higher Education Community Vendor Assessment Tool (HECVAT) - Full (v2.11),70,AAAI-14: Will any external authentication or authorization system be utilized by a system with access to institution data?,,,,,,,,,,,,,,,,,,,,,,,,,,,,,,,,,,,,,,,,,,,,,,,,,,
Higher Education Community Vendor Assessment Tool (HECVAT) - Full (v2.11),71,"AAAI-15: Are audit logs available that include AT LEAST all of the following; login, logout, actions performed, and source IP address?",,,,,,,,,,,,,,,,,,,,,,,,,,,,,,,,,,,,,,,,,,,,,,,,,,
Higher Education Community Vendor Assessment Tool (HECVAT) - Full (v2.11),72,"AAAI-16: Describe or provide a reference to the a) system capability to log security/authorization changes as well as user and administrator security events (i.e. physical or electronic)(e.g. login failures, access denied, changes accepted), and b) all requirements necessary to implement logging and monitoring on the system. Include c) information about SIEM/log collector usage.",,,,,,,,,,,,,,,,,,,,,,,,,,,,,,,,,,,,,,,,,,,,,,,,,,
Higher Education Community Vendor Assessment Tool (HECVAT) - Full (v2.11),73,"AAAI-17: Describe or provide a reference to the retention period for those logs, how logs are protected, and whether they are accessible to the customer (and if so, how).",,,,,,,,,,,,,,,,,,,,,,,,,,,,,,,,,,,,,,,,,,,,,,,,,,
Higher Education Community Vendor Assessment Tool (HECVAT) - Full (v2.11),74,Business Continuity Plan: ,Vendor Answers,,,,,,,,,,,,,,,,,,,,,,,,,,,,,,,,,,,,,,,,,,,,,,,,,
Higher Education Community Vendor Assessment Tool (HECVAT) - Full (v2.11),75,BCPL-01: Describe or provide a reference to your Business Continuity Plan (BCP).,,,,,,,,,,,,,,,,,,,,,,,,,,,,,,,,,,,,,,,,,,,,,,,,,,
Higher Education Community Vendor Assessment Tool (HECVAT) - Full (v2.11),76,BCPL-02: May the Institution review your BCP and supporting documentation?,,,,,,,,,,,,,,,,,,,,,,,,,,,,,,,,,,,,,,,,,,,,,,,,,,
Higher Education Community Vendor Assessment Tool (HECVAT) - Full (v2.11),77,BCPL-03: Is an owner assigned who is responsible for the maintenance and review of the Business Continuity Plan?,,,,,,,,,,,,,,,,,,,,,,,,,,,,,,,,,,,,,,,,,,,,,,,,,,
Higher Education Community Vendor Assessment Tool (HECVAT) - Full (v2.11),78,BCPL-04: Is there a defined problem/issue escalation plan in your BCP for impacted clients?,,,,,,,,,,,,,,,,,,,,,,,,,,,,,,,,,,,,,,,,,,,,,,,,,,
Higher Education Community Vendor Assessment Tool (HECVAT) - Full (v2.11),79,BCPL-05: Is there a documented communication plan in your BCP for impacted clients?,,,,,,,,,,,,,,,,,,,,,,,,,,,,,,,,,,,,,,,,,,,,,,,,,,
Higher Education Community Vendor Assessment Tool (HECVAT) - Full (v2.11),80,BCPL-06: Are all components of the BCP reviewed at least annually and updated as needed to reflect change? ,,,,,,,,,,,,,,,,,,,,,,,,,,,,,,,,,,,,,,,,,,,,,,,,,,
Higher Education Community Vendor Assessment Tool (HECVAT) - Full (v2.11),81,BCPL-07: Has your BCP been tested in the last year? ,,,,,,,,,,,,,,,,,,,,,,,,,,,,,,,,,,,,,,,,,,,,,,,,,,
Higher Education Community Vendor Assessment Tool (HECVAT) - Full (v2.11),82,BCPL-08: Does your organization conduct training and awareness activities to validate its employees understanding of their roles and responsibilities during a crisis?,,,,,,,,,,,,,,,,,,,,,,,,,,,,,,,,,,,,,,,,,,,,,,,,,,
Higher Education Community Vendor Assessment Tool (HECVAT) - Full (v2.11),83,BCPL-09: Are specific crisis management roles and responsibilities defined and documented?,,,,,,,,,,,,,,,,,,,,,,,,,,,,,,,,,,,,,,,,,,,,,,,,,,
Higher Education Community Vendor Assessment Tool (HECVAT) - Full (v2.11),84,BCPL-10: Does your organization have an alternative business site or a contracted Business Recovery provider?,,,,,,,,,,,,,,,,,,,,,,,,,,,,,,,,,,,,,,,,,,,,,,,,,,
Higher Education Community Vendor Assessment Tool (HECVAT) - Full (v2.11),85,BCPL-11: Does your organization conduct an annual test of relocating to an alternate site for business recovery purposes?,,,,,,,,,,,,,,,,,,,,,,,,,,,,,,,,,,,,,,,,,,,,,,,,,,
Higher Education Community Vendor Assessment Tool (HECVAT) - Full (v2.11),86,"BCPL-12: Is this product a core service of your organization, and as such, the top priority during business continuity planning?",,,,,,,,,,,,,,,,,,,,,,,,,,,,,,,,,,,,,,,,,,,,,,,,,,
Higher Education Community Vendor Assessment Tool (HECVAT) - Full (v2.11),87,Change Management: ,Vendor Answers,,,,,,,,,,,,,,,,,,,,,,,,,,,,,,,,,,,,,,,,,,,,,,,,,
Higher Education Community Vendor Assessment Tool (HECVAT) - Full (v2.11),88,CHNG-01: Do you have a documented and currently followed change management process (CMP)? ,,,,,,,,,,,,,,,,,,,,,,,,,,,,,,,,,,,,,,,,,,,,,,,,,,
Higher Education Community Vendor Assessment Tool (HECVAT) - Full (v2.11),89,CHNG-02: Indicate all procedures that are implemented in your CMP. a.) An impact analysis of the upgrade is performed.  b.) The change is appropriately authorized. c.) Changes are made first in a test environment. d.) The ability to implement the upgrades/changes in the production environment is limited to appropriate IT personnel.,,,,,,,,,,,,,,,,,,,,,,,,,,,,,,,,,,,,,,,,,,,,,,,,,,
Higher Education Community Vendor Assessment Tool (HECVAT) - Full (v2.11),90,CHNG-03: Will the Institution be notified of major changes to your environment that could impact the Institution's security posture?,,,,,,,,,,,,,,,,,,,,,,,,,,,,,,,,,,,,,,,,,,,,,,,,,,
Higher Education Community Vendor Assessment Tool (HECVAT) - Full (v2.11),91,CHNG-04: Do clients have the option to not participate in or postpone an upgrade to a new release?,,,,,,,,,,,,,,,,,,,,,,,,,,,,,,,,,,,,,,,,,,,,,,,,,,
Higher Education Community Vendor Assessment Tool (HECVAT) - Full (v2.11),92,CHNG-05: Describe or provide a reference to your solution support strategy in relation to maintaining software currency. (i.e. how many concurrent versions are you willing to run and support?),,,,,,,,,,,,,,,,,,,,,,,,,,,,,,,,,,,,,,,,,,,,,,,,,,
Higher Education Community Vendor Assessment Tool (HECVAT) - Full (v2.11),93,CHNG-06: Identify the most current version of the software. Detail the percentage of live customers that are utilizing the proposed version of the software as well as each version of the software currently in use.,,,,,,,,,,,,,,,,,,,,,,,,,,,,,,,,,,,,,,,,,,,,,,,,,,
Higher Education Community Vendor Assessment Tool (HECVAT) - Full (v2.11),94,CHNG-07: Does the system support client customizations from one release to another?,,,,,,,,,,,,,,,,,,,,,,,,,,,,,,,,,,,,,,,,,,,,,,,,,,
Higher Education Community Vendor Assessment Tool (HECVAT) - Full (v2.11),95,"CHNG-08: Does your organization ensure through policy and procedure (that is currently implemented) that only application software verifiable as authorized, tested, and approved for production, and having met all other requirements and reviews necessary for commissioning, is placed into production?",,,,,,,,,,,,,,,,,,,,,,,,,,,,,,,,,,,,,,,,,,,,,,,,,,
Higher Education Community Vendor Assessment Tool (HECVAT) - Full (v2.11),96,CHNG-09: Do you have a release schedule for product updates?,,,,,,,,,,,,,,,,,,,,,,,,,,,,,,,,,,,,,,,,,,,,,,,,,,
Higher Education Community Vendor Assessment Tool (HECVAT) - Full (v2.11),97,"CHNG-10: Do you have a technology roadmap, for the next 2 years, for enhancements and bug fixes for the product/service being assessed?",,,,,,,,,,,,,,,,,,,,,,,,,,,,,,,,,,,,,,,,,,,,,,,,,,
Higher Education Community Vendor Assessment Tool (HECVAT) - Full (v2.11),98,CHNG-11: Is Institution involvement (i.e. technically or organizationally) required during product updates?,,,,,,,,,,,,,,,,,,,,,,,,,,,,,,,,,,,,,,,,,,,,,,,,,,
Higher Education Community Vendor Assessment Tool (HECVAT) - Full (v2.11),99,"CHNG-12: Do you have policy and procedure, currently implemented, managing how critical patches are applied to all systems and applications?",,,,,,,,,,,,,,,,,,,,,,,,,,,,,,,,,,,,,,,,,,,,,,,,,,
Higher Education Community Vendor Assessment Tool (HECVAT) - Full (v2.11),100,"CHNG-13: Do you have policy and procedure, currently implemented, guiding how security risks are mitigated until patches can be applied?",,,,,,,,,,,,,,,,,,,,,,,,,,,,,,,,,,,,,,,,,,,,,,,,,,
Higher Education Community Vendor Assessment Tool (HECVAT) - Full (v2.11),101,CHNG-14: Are upgrades or system changes installed during off-peak hours or in a manner that does not impact the customer?,,,,,,,,,,,,,,,,,,,,,,,,,,,,,,,,,,,,,,,,,,,,,,,,,,
Higher Education Community Vendor Assessment Tool (HECVAT) - Full (v2.11),102,CHNG-15: Do procedures exist to provide that emergency changes are documented and authorized (including after the fact approval)?,,,,,,,,,,,,,,,,,,,,,,,,,,,,,,,,,,,,,,,,,,,,,,,,,,
Higher Education Community Vendor Assessment Tool (HECVAT) - Full (v2.11),103,Data: ,Vendor Answers,,,,,,,,,,,,,,,,,,,,,,,,,,,,,,,,,,,,,,,,,,,,,,,,,
Higher Education Community Vendor Assessment Tool (HECVAT) - Full (v2.11),104,DATA-01: Do you physically and logically separate Institution's data from that of other customers?,,,,,,,,,,,,,,,,,,,,,,,,,,,,,,,,,,,,,,,,,,,,,,,,,,
Higher Education Community Vendor Assessment Tool (HECVAT) - Full (v2.11),105,"DATA-02: Will Institution's data be stored on any devices (database servers, file servers, SAN, NAS, …) configured with non-RFC 1918/4193 (i.e. publicly routable) IP addresses?",,,,,,,,,,,,,,,,,,,,,,,,,,,,,,,,,,,,,,,,,,,,,,,,,,
Higher Education Community Vendor Assessment Tool (HECVAT) - Full (v2.11),106,DATA-03: Is sensitive data encrypted in transport? (e.g. system-to-client),,,,,,,,,,,,,,,,,,,,,,,,,,,,,,,,,,,,,,,,,,,,,,,,,,
Higher Education Community Vendor Assessment Tool (HECVAT) - Full (v2.11),107,"DATA-04: Is sensitive data encrypted in storage (e.g. disk encryption, at-rest)?",,,,,,,,,,,,,,,,,,,,,,,,,,,,,,,,,,,,,,,,,,,,,,,,,,
Higher Education Community Vendor Assessment Tool (HECVAT) - Full (v2.11),108,DATA-05: Do you employ or allow any cryptographic modules that do not conform to the Federal Information Processing Standards (FIPS PUB 140-2)?,,,,,,,,,,,,,,,,,,,,,,,,,,,,,,,,,,,,,,,,,,,,,,,,,,
Higher Education Community Vendor Assessment Tool (HECVAT) - Full (v2.11),109,"DATA-06: Does your system employ encryption technologies when transmitting sensitive information over TCP/IP networks (e.g., SSH, SSL/TLS, VPN)? (e.g. system-to-system and system-to-client)",,,,,,,,,,,,,,,,,,,,,,,,,,,,,,,,,,,,,,,,,,,,,,,,,,
Higher Education Community Vendor Assessment Tool (HECVAT) - Full (v2.11),110,DATA-07: List all locations (i.e. city + datacenter name) where the institution's data will be stored?,,,,,,,,,,,,,,,,,,,,,,,,,,,,,,,,,,,,,,,,,,,,,,,,,,
Higher Education Community Vendor Assessment Tool (HECVAT) - Full (v2.11),111,"DATA-08: At the completion of this contract, will data be returned to the institution?",,,,,,,,,,,,,,,,,,,,,,,,,,,,,,,,,,,,,,,,,,,,,,,,,,
Higher Education Community Vendor Assessment Tool (HECVAT) - Full (v2.11),112,DATA-09: Will the institution's data be available within the system for a period of time at the completion of this contract?,,,,,,,,,,,,,,,,,,,,,,,,,,,,,,,,,,,,,,,,,,,,,,,,,,
Higher Education Community Vendor Assessment Tool (HECVAT) - Full (v2.11),113,DATA-10: Can the institution extract a full backup of data?,,,,,,,,,,,,,,,,,,,,,,,,,,,,,,,,,,,,,,,,,,,,,,,,,,
Higher Education Community Vendor Assessment Tool (HECVAT) - Full (v2.11),114,"DATA-11: Are ownership rights to all data, inputs, outputs, and metadata retained by the institution?",,,,,,,,,,,,,,,,,,,,,,,,,,,,,,,,,,,,,,,,,,,,,,,,,,
Higher Education Community Vendor Assessment Tool (HECVAT) - Full (v2.11),115,DATA-12: Are these rights retained even through a provider acquisition or bankruptcy event?,,,,,,,,,,,,,,,,,,,,,,,,,,,,,,,,,,,,,,,,,,,,,,,,,,
Higher Education Community Vendor Assessment Tool (HECVAT) - Full (v2.11),116,"DATA-13: In the event of imminent bankruptcy, closing of business, or retirement of service, will you provide 90 days for customers to get their data out of the system and migrate applications?",,,,,,,,,,,,,,,,,,,,,,,,,,,,,,,,,,,,,,,,,,,,,,,,,,
Higher Education Community Vendor Assessment Tool (HECVAT) - Full (v2.11),117,DATA-14: Describe or provide a reference to the backup processes for the servers on which the service and/or data resides. ,,,,,,,,,,,,,,,,,,,,,,,,,,,,,,,,,,,,,,,,,,,,,,,,,,
Higher Education Community Vendor Assessment Tool (HECVAT) - Full (v2.11),118,DATA-15: Are backup copies made according to pre-defined schedules and securely stored and protected?,,,,,,,,,,,,,,,,,,,,,,,,,,,,,,,,,,,,,,,,,,,,,,,,,,
Higher Education Community Vendor Assessment Tool (HECVAT) - Full (v2.11),119,DATA-16: How long are data backups stored?,,,,,,,,,,,,,,,,,,,,,,,,,,,,,,,,,,,,,,,,,,,,,,,,,,
Higher Education Community Vendor Assessment Tool (HECVAT) - Full (v2.11),120,DATA-17: Are data backups encrypted?,,,,,,,,,,,,,,,,,,,,,,,,,,,,,,,,,,,,,,,,,,,,,,,,,,
Higher Education Community Vendor Assessment Tool (HECVAT) - Full (v2.11),121,"DATA-18: Do you have a cryptographic key management process (generation, exchange, storage, safeguards, use, vetting, and replacement), that is documented and currently implemented, for all system components? (e.g. database, system, web, etc.)",,,,,,,,,,,,,,,,,,,,,,,,,,,,,,,,,,,,,,,,,,,,,,,,,,
Higher Education Community Vendor Assessment Tool (HECVAT) - Full (v2.11),122,"DATA-19: Do current backups include all operating system software, utilities, security software, application software, and data files necessary for recovery?",,,,,,,,,,,,,,,,,,,,,,,,,,,,,,,,,,,,,,,,,,,,,,,,,,
Higher Education Community Vendor Assessment Tool (HECVAT) - Full (v2.11),123,DATA-20: Are you performing off site backups? (i.e. digitally moved off site),,,,,,,,,,,,,,,,,,,,,,,,,,,,,,,,,,,,,,,,,,,,,,,,,,
Higher Education Community Vendor Assessment Tool (HECVAT) - Full (v2.11),124,DATA-21: Are physical backups taken off site? (i.e. physically moved off site),,,,,,,,,,,,,,,,,,,,,,,,,,,,,,,,,,,,,,,,,,,,,,,,,,
Higher Education Community Vendor Assessment Tool (HECVAT) - Full (v2.11),125,DATA-22: Do backups containing the institution's data ever leave the Institution's Data Zone either physically or via network routing?,,,,,,,,,,,,,,,,,,,,,,,,,,,,,,,,,,,,,,,,,,,,,,,,,,
Higher Education Community Vendor Assessment Tool (HECVAT) - Full (v2.11),126,"DATA-23: Do you have a media handling process, that is documented and currently implemented, including end-of-life, repurposing, and data sanitization procedures?",,,,,,,,,,,,,,,,,,,,,,,,,,,,,,,,,,,,,,,,,,,,,,,,,,
Higher Education Community Vendor Assessment Tool (HECVAT) - Full (v2.11),127,DATA-24: Does the process described in DATA-23 adhere to DoD 5220.22-M and/or NIST SP 800-88 standards?,,,,,,,,,,,,,,,,,,,,,,,,,,,,,,,,,,,,,,,,,,,,,,,,,,
Higher Education Community Vendor Assessment Tool (HECVAT) - Full (v2.11),128,DATA-25: Do procedures exist to ensure that retention and destruction of data meets established business and regulatory requirements?,,,,,,,,,,,,,,,,,,,,,,,,,,,,,,,,,,,,,,,,,,,,,,,,,,
Higher Education Community Vendor Assessment Tool (HECVAT) - Full (v2.11),129,"DATA-26: Is media used for long-term retention of business data and archival purposes stored in a secure, environmentally protected area?",,,,,,,,,,,,,,,,,,,,,,,,,,,,,,,,,,,,,,,,,,,,,,,,,,
Higher Education Community Vendor Assessment Tool (HECVAT) - Full (v2.11),130,DATA-27: Will you handle data in a FERPA compliant manner?,,,,,,,,,,,,,,,,,,,,,,,,,,,,,,,,,,,,,,,,,,,,,,,,,,
Higher Education Community Vendor Assessment Tool (HECVAT) - Full (v2.11),131,DATA-28: Is any institution data visible in system administration modules/tools?,,,,,,,,,,,,,,,,,,,,,,,,,,,,,,,,,,,,,,,,,,,,,,,,,,
Higher Education Community Vendor Assessment Tool (HECVAT) - Full (v2.11),132,Database: ,Vendor Answers,,,,,,,,,,,,,,,,,,,,,,,,,,,,,,,,,,,,,,,,,,,,,,,,,
Higher Education Community Vendor Assessment Tool (HECVAT) - Full (v2.11),133,DBAS-01: Does the database support encryption of specified data elements in storage?,,,,,,,,,,,,,,,,,,,,,,,,,,,,,,,,,,,,,,,,,,,,,,,,,,
Higher Education Community Vendor Assessment Tool (HECVAT) - Full (v2.11),134,DBAS-02: Do you currently use encryption in your database(s)?,,,,,,,,,,,,,,,,,,,,,,,,,,,,,,,,,,,,,,,,,,,,,,,,,,
Higher Education Community Vendor Assessment Tool (HECVAT) - Full (v2.11),135,Datacenter: ,Vendor Answers,,,,,,,,,,,,,,,,,,,,,,,,,,,,,,,,,,,,,,,,,,,,,,,,,
Higher Education Community Vendor Assessment Tool (HECVAT) - Full (v2.11),136,DCTR-01: Does your company own the physical data center where the Institution's data will reside?,,,,,,,,,,,,,,,,,,,,,,,,,,,,,,,,,,,,,,,,,,,,,,,,,,
Higher Education Community Vendor Assessment Tool (HECVAT) - Full (v2.11),137,DCTR-02: Does the hosting provider have a SOC 2 Type 2 report available?,,,,,,,,,,,,,,,,,,,,,,,,,,,,,,,,,,,,,,,,,,,,,,,,,,
Higher Education Community Vendor Assessment Tool (HECVAT) - Full (v2.11),138,"DCTR-03: Are the data centers staffed 24 hours a day, seven days a week (i.e., 24x7x365)?",,,,,,,,,,,,,,,,,,,,,,,,,,,,,,,,,,,,,,,,,,,,,,,,,,
Higher Education Community Vendor Assessment Tool (HECVAT) - Full (v2.11),139,DCTR-04: Do any of your servers reside in a co-located data center?,,,,,,,,,,,,,,,,,,,,,,,,,,,,,,,,,,,,,,,,,,,,,,,,,,
Higher Education Community Vendor Assessment Tool (HECVAT) - Full (v2.11),140,"DCTR-05: Are your servers separated from other companies via a physical barrier, such as a cage or hardened walls?",,,,,,,,,,,,,,,,,,,,,,,,,,,,,,,,,,,,,,,,,,,,,,,,,,
Higher Education Community Vendor Assessment Tool (HECVAT) - Full (v2.11),141,DCTR-06: Does a physical barrier fully enclose the physical space preventing unauthorized physical contact with any of your devices?,,,,,,,,,,,,,,,,,,,,,,,,,,,,,,,,,,,,,,,,,,,,,,,,,,
Higher Education Community Vendor Assessment Tool (HECVAT) - Full (v2.11),142,DCTR-07: Select the option that best describes the network segment that servers are connected to.,,,,,,,,,,,,,,,,,,,,,,,,,,,,,,,,,,,,,,,,,,,,,,,,,,
Higher Education Community Vendor Assessment Tool (HECVAT) - Full (v2.11),143,DCTR-08: Does this data center operate outside of the Institution's Data Zone?,,,,,,,,,,,,,,,,,,,,,,,,,,,,,,,,,,,,,,,,,,,,,,,,,,
Higher Education Community Vendor Assessment Tool (HECVAT) - Full (v2.11),144,DCTR-09: Will any institution data leave the Institution's Data Zone?,,,,,,,,,,,,,,,,,,,,,,,,,,,,,,,,,,,,,,,,,,,,,,,,,,
Higher Education Community Vendor Assessment Tool (HECVAT) - Full (v2.11),145,"DCTR-10: List all datacenters and the cities, states (provinces), and countries where the Institution's data will be stored (including within the Institution's Data Zone).   ",,,,,,,,,,,,,,,,,,,,,,,,,,,,,,,,,,,,,,,,,,,,,,,,,,
Higher Education Community Vendor Assessment Tool (HECVAT) - Full (v2.11),146,DCTR-11: Are your primary and secondary data centers geographically diverse?,,,,,,,,,,,,,,,,,,,,,,,,,,,,,,,,,,,,,,,,,,,,,,,,,,
Higher Education Community Vendor Assessment Tool (HECVAT) - Full (v2.11),147,"DCTR-12: If outsourced or co-located, is there a contract in place to prevent data from leaving the Institution's Data Zone?",,,,,,,,,,,,,,,,,,,,,,,,,,,,,,,,,,,,,,,,,,,,,,,,,,
Higher Education Community Vendor Assessment Tool (HECVAT) - Full (v2.11),148,DCTR-13: What Tier Level is your data center (per levels defined by the Uptime Institute)?,,,,,,,,,,,,,,,,,,,,,,,,,,,,,,,,,,,,,,,,,,,,,,,,,,
Higher Education Community Vendor Assessment Tool (HECVAT) - Full (v2.11),149,DCTR-14: Is the service hosted in a high availability environment?,,,,,,,,,,,,,,,,,,,,,,,,,,,,,,,,,,,,,,,,,,,,,,,,,,
Higher Education Community Vendor Assessment Tool (HECVAT) - Full (v2.11),150,DCTR-15: Is redundant power available for all datacenters where institution data will reside? ,,,,,,,,,,,,,,,,,,,,,,,,,,,,,,,,,,,,,,,,,,,,,,,,,,
Higher Education Community Vendor Assessment Tool (HECVAT) - Full (v2.11),151,DCTR-16: Are redundant power strategies tested?,,,,,,,,,,,,,,,,,,,,,,,,,,,,,,,,,,,,,,,,,,,,,,,,,,
Higher Education Community Vendor Assessment Tool (HECVAT) - Full (v2.11),152,DCTR-17: Describe or provide a reference to the availability of cooling and fire suppression systems in all datacenters where institution data will reside.,,,,,,,,,,,,,,,,,,,,,,,,,,,,,,,,,,,,,,,,,,,,,,,,,,
Higher Education Community Vendor Assessment Tool (HECVAT) - Full (v2.11),153,DCTR-18: State how many Internet Service Providers (ISPs) provide connectivity to each datacenter where the institution's data will reside. ,,,,,,,,,,,,,,,,,,,,,,,,,,,,,,,,,,,,,,,,,,,,,,,,,,
Higher Education Community Vendor Assessment Tool (HECVAT) - Full (v2.11),154,DCTR-19: Does every datacenter where the Institution's data will reside have multiple telephone company or network provider entrances to the facility?,,,,,,,,,,,,,,,,,,,,,,,,,,,,,,,,,,,,,,,,,,,,,,,,,,
Higher Education Community Vendor Assessment Tool (HECVAT) - Full (v2.11),155,Disaster Recovery Plan: ,Vendor Answers,,,,,,,,,,,,,,,,,,,,,,,,,,,,,,,,,,,,,,,,,,,,,,,,,
Higher Education Community Vendor Assessment Tool (HECVAT) - Full (v2.11),156,DRPL-01: Describe or provide a reference to your Disaster Recovery Plan (DRP).,,,,,,,,,,,,,,,,,,,,,,,,,,,,,,,,,,,,,,,,,,,,,,,,,,
Higher Education Community Vendor Assessment Tool (HECVAT) - Full (v2.11),157,DRPL-02: Is an owner assigned who is responsible for the maintenance and review of the DRP?,,,,,,,,,,,,,,,,,,,,,,,,,,,,,,,,,,,,,,,,,,,,,,,,,,
Higher Education Community Vendor Assessment Tool (HECVAT) - Full (v2.11),158,DRPL-03: Can the Institution review your DRP and supporting documentation?,,,,,,,,,,,,,,,,,,,,,,,,,,,,,,,,,,,,,,,,,,,,,,,,,,
Higher Education Community Vendor Assessment Tool (HECVAT) - Full (v2.11),159,DRPL-04: Are any disaster recovery locations outside the Institution's Data Zone?,,,,,,,,,,,,,,,,,,,,,,,,,,,,,,,,,,,,,,,,,,,,,,,,,,
Higher Education Community Vendor Assessment Tool (HECVAT) - Full (v2.11),160,DRPL-05: Does your organization have a disaster recovery site or a contracted Disaster Recovery provider?,,,,,,,,,,,,,,,,,,,,,,,,,,,,,,,,,,,,,,,,,,,,,,,,,,
Higher Education Community Vendor Assessment Tool (HECVAT) - Full (v2.11),161,DRPL-06: Does your organization conduct an annual test of relocating to this site for disaster recovery purposes?,,,,,,,,,,,,,,,,,,,,,,,,,,,,,,,,,,,,,,,,,,,,,,,,,,
Higher Education Community Vendor Assessment Tool (HECVAT) - Full (v2.11),162,DRPL-07: Is there a defined problem/issue escalation plan in your DRP for impacted clients?,,,,,,,,,,,,,,,,,,,,,,,,,,,,,,,,,,,,,,,,,,,,,,,,,,
Higher Education Community Vendor Assessment Tool (HECVAT) - Full (v2.11),163,DRPL-08: Is there a documented communication plan in your DRP for impacted clients?,,,,,,,,,,,,,,,,,,,,,,,,,,,,,,,,,,,,,,,,,,,,,,,,,,
Higher Education Community Vendor Assessment Tool (HECVAT) - Full (v2.11),164,"DRPL-09: Describe or provide a reference to how your disaster recovery plan is tested? (i.e. scope of DR tests, end-to-end testing, etc.)",,,,,,,,,,,,,,,,,,,,,,,,,,,,,,,,,,,,,,,,,,,,,,,,,,
Higher Education Community Vendor Assessment Tool (HECVAT) - Full (v2.11),165,DRPL-10: Has the Disaster Recovery Plan been tested in the last year?  Please provide a summary of the results in Additional Information (including actual recovery time).,,,,,,,,,,,,,,,,,,,,,,,,,,,,,,,,,,,,,,,,,,,,,,,,,,
Higher Education Community Vendor Assessment Tool (HECVAT) - Full (v2.11),166,DRPL-11: Do the documented test results identify your organizations actual recovery time capabilities for technology and facilities?,,,,,,,,,,,,,,,,,,,,,,,,,,,,,,,,,,,,,,,,,,,,,,,,,,
Higher Education Community Vendor Assessment Tool (HECVAT) - Full (v2.11),167,DRPL-12: Are all components of the DRP reviewed at least annually and updated as needed to reflect change? ,,,,,,,,,,,,,,,,,,,,,,,,,,,,,,,,,,,,,,,,,,,,,,,,,,
Higher Education Community Vendor Assessment Tool (HECVAT) - Full (v2.11),168,"DRPL-13: Do you carry cyber-risk insurance to protect against unforeseen service outages, data that is lost or stolen, and security incidents?",,,,,,,,,,,,,,,,,,,,,,,,,,,,,,,,,,,,,,,,,,,,,,,,,,
Higher Education Community Vendor Assessment Tool (HECVAT) - Full (v2.11),169,"Firewalls, IDS, IPS, and Networking: ",Vendor Answers,,,,,,,,,,,,,,,,,,,,,,,,,,,,,,,,,,,,,,,,,,,,,,,,,
Higher Education Community Vendor Assessment Tool (HECVAT) - Full (v2.11),170,FIDP-01: Are you utilizing a web application firewall (WAF)?,,,,,,,,,,,,,,,,,,,,,,,,,,,,,,,,,,,,,,,,,,,,,,,,,,
Higher Education Community Vendor Assessment Tool (HECVAT) - Full (v2.11),171,FIDP-02: Are you utilizing a stateful packet inspection (SPI) firewall?,,,,,,,,,,,,,,,,,,,,,,,,,,,,,,,,,,,,,,,,,,,,,,,,,,
Higher Education Community Vendor Assessment Tool (HECVAT) - Full (v2.11),172,FIDP-03: State and describe who has the authority to change firewall rules?,,,,,,,,,,,,,,,,,,,,,,,,,,,,,,,,,,,,,,,,,,,,,,,,,,
Higher Education Community Vendor Assessment Tool (HECVAT) - Full (v2.11),173,FIDP-04: Do you have a documented policy for firewall change requests?,,,,,,,,,,,,,,,,,,,,,,,,,,,,,,,,,,,,,,,,,,,,,,,,,,
Higher Education Community Vendor Assessment Tool (HECVAT) - Full (v2.11),174,FIDP-05: Have you implemented an Intrusion Detection System (network-based)?,,,,,,,,,,,,,,,,,,,,,,,,,,,,,,,,,,,,,,,,,,,,,,,,,,
Higher Education Community Vendor Assessment Tool (HECVAT) - Full (v2.11),175,FIDP-06: Have you implemented an Intrusion Prevention System (network-based)?,,,,,,,,,,,,,,,,,,,,,,,,,,,,,,,,,,,,,,,,,,,,,,,,,,
Higher Education Community Vendor Assessment Tool (HECVAT) - Full (v2.11),176,FIDP-07: Do you employ host-based intrusion detection?,,,,,,,,,,,,,,,,,,,,,,,,,,,,,,,,,,,,,,,,,,,,,,,,,,
Higher Education Community Vendor Assessment Tool (HECVAT) - Full (v2.11),177,FIDP-08: Do you employ host-based intrusion prevention?,,,,,,,,,,,,,,,,,,,,,,,,,,,,,,,,,,,,,,,,,,,,,,,,,,
Higher Education Community Vendor Assessment Tool (HECVAT) - Full (v2.11),178,FIDP-09: Are you employing any next-generation persistent threat (NGPT) monitoring?,,,,,,,,,,,,,,,,,,,,,,,,,,,,,,,,,,,,,,,,,,,,,,,,,,
Higher Education Community Vendor Assessment Tool (HECVAT) - Full (v2.11),179,FIDP-10: Do you monitor for intrusions on a 24x7x365 basis?,,,,,,,,,,,,,,,,,,,,,,,,,,,,,,,,,,,,,,,,,,,,,,,,,,
Higher Education Community Vendor Assessment Tool (HECVAT) - Full (v2.11),180,FIDP-11: Is intrusion monitoring performed internally or by a third-party service?,,,,,,,,,,,,,,,,,,,,,,,,,,,,,,,,,,,,,,,,,,,,,,,,,,
Higher Education Community Vendor Assessment Tool (HECVAT) - Full (v2.11),181,"FIDP-12: Are audit logs available for all changes to the network, firewall, IDS, and IPS systems?",,,,,,,,,,,,,,,,,,,,,,,,,,,,,,,,,,,,,,,,,,,,,,,,,,
Higher Education Community Vendor Assessment Tool (HECVAT) - Full (v2.11),182,Mobile Applications: ,Vendor Answers,,,,,,,,,,,,,,,,,,,,,,,,,,,,,,,,,,,,,,,,,,,,,,,,,
Higher Education Community Vendor Assessment Tool (HECVAT) - Full (v2.11),183,MAPP-01: On which mobile operating systems is your software or service supported?,,,,,,,,,,,,,,,,,,,,,,,,,,,,,,,,,,,,,,,,,,,,,,,,,,
Higher Education Community Vendor Assessment Tool (HECVAT) - Full (v2.11),184,MAPP-02: Describe or provide a reference to the application's architecture and functionality.,,,,,,,,,,,,,,,,,,,,,,,,,,,,,,,,,,,,,,,,,,,,,,,,,,
Higher Education Community Vendor Assessment Tool (HECVAT) - Full (v2.11),185,"MAPP-03: Is the application available from a trusted source (e.g., iTunes App Store, Android Market, BB World)?",,,,,,,,,,,,,,,,,,,,,,,,,,,,,,,,,,,,,,,,,,,,,,,,,,
Higher Education Community Vendor Assessment Tool (HECVAT) - Full (v2.11),186,"MAPP-04: Does the application store, process, or transmit critical data?",,,,,,,,,,,,,,,,,,,,,,,,,,,,,,,,,,,,,,,,,,,,,,,,,,
Higher Education Community Vendor Assessment Tool (HECVAT) - Full (v2.11),187,MAPP-05: Is Institution's data encrypted in transport?,,,,,,,,,,,,,,,,,,,,,,,,,,,,,,,,,,,,,,,,,,,,,,,,,,
Higher Education Community Vendor Assessment Tool (HECVAT) - Full (v2.11),188,"MAPP-06: Is Institution's data encrypted in storage? (e.g. disk encryption, at-rest)",,,,,,,,,,,,,,,,,,,,,,,,,,,,,,,,,,,,,,,,,,,,,,,,,,
Higher Education Community Vendor Assessment Tool (HECVAT) - Full (v2.11),189,"MAPP-07: Does the mobile application support Kerberos, CAS, or Active Directory authentication?",,,,,,,,,,,,,,,,,,,,,,,,,,,,,,,,,,,,,,,,,,,,,,,,,,
Higher Education Community Vendor Assessment Tool (HECVAT) - Full (v2.11),190,MAPP-08: Will any of these systems be implemented on systems hosting the Institution's data?,,,,,,,,,,,,,,,,,,,,,,,,,,,,,,,,,,,,,,,,,,,,,,,,,,
Higher Education Community Vendor Assessment Tool (HECVAT) - Full (v2.11),191,"MAPP-09: Does the application adhere to secure coding practices (e.g. OWASP, etc.)?",,,,,,,,,,,,,,,,,,,,,,,,,,,,,,,,,,,,,,,,,,,,,,,,,,
Higher Education Community Vendor Assessment Tool (HECVAT) - Full (v2.11),192,MAPP-10: Has the application been tested for vulnerabilities by a third party?,,,,,,,,,,,,,,,,,,,,,,,,,,,,,,,,,,,,,,,,,,,,,,,,,,
Higher Education Community Vendor Assessment Tool (HECVAT) - Full (v2.11),193,MAPP-11: State the party that performed the vulnerability test and the date it was conducted?,,,,,,,,,,,,,,,,,,,,,,,,,,,,,,,,,,,,,,,,,,,,,,,,,,
Higher Education Community Vendor Assessment Tool (HECVAT) - Full (v2.11),194,Physical Security: ,Vendor Answers,,,,,,,,,,,,,,,,,,,,,,,,,,,,,,,,,,,,,,,,,,,,,,,,,
Higher Education Community Vendor Assessment Tool (HECVAT) - Full (v2.11),195,PHYS-01: Does your organization have physical security controls and policies in place?,,,,,,,,,,,,,,,,,,,,,,,,,,,,,,,,,,,,,,,,,,,,,,,,,,
Higher Education Community Vendor Assessment Tool (HECVAT) - Full (v2.11),196,PHYS-02: Are employees allowed to take home Institution's data in any form?,,,,,,,,,,,,,,,,,,,,,,,,,,,,,,,,,,,,,,,,,,,,,,,,,,
Higher Education Community Vendor Assessment Tool (HECVAT) - Full (v2.11),197,PHYS-03: Are video monitoring feeds retained?,,,,,,,,,,,,,,,,,,,,,,,,,,,,,,,,,,,,,,,,,,,,,,,,,,
Higher Education Community Vendor Assessment Tool (HECVAT) - Full (v2.11),198,PHYS-04: Are video feeds monitored by datacenter staff?,,,,,,,,,,,,,,,,,,,,,,,,,,,,,,,,,,,,,,,,,,,,,,,,,,
Higher Education Community Vendor Assessment Tool (HECVAT) - Full (v2.11),199,PHYS-05: Are individuals required to sign in/out for installation and removal of equipment?,,,,,,,,,,,,,,,,,,,,,,,,,,,,,,,,,,,,,,,,,,,,,,,,,,
Higher Education Community Vendor Assessment Tool (HECVAT) - Full (v2.11),200,"Policies, Procedures, and Processes: ",Vendor Answers,,,,,,,,,,,,,,,,,,,,,,,,,,,,,,,,,,,,,,,,,,,,,,,,,
Higher Education Community Vendor Assessment Tool (HECVAT) - Full (v2.11),201,"PPPR-01: Can you share the organization chart, mission statement, and policies for your information security unit?",,,,,,,,,,,,,,,,,,,,,,,,,,,,,,,,,,,,,,,,,,,,,,,,,,
Higher Education Community Vendor Assessment Tool (HECVAT) - Full (v2.11),202,PPPR-02: Do you have a documented patch management process?,,,,,,,,,,,,,,,,,,,,,,,,,,,,,,,,,,,,,,,,,,,,,,,,,,
Higher Education Community Vendor Assessment Tool (HECVAT) - Full (v2.11),203,PPPR-03: Can you accommodate encryption requirements using open standards?,,,,,,,,,,,,,,,,,,,,,,,,,,,,,,,,,,,,,,,,,,,,,,,,,,
Higher Education Community Vendor Assessment Tool (HECVAT) - Full (v2.11),204,PPPR-04: Have your developers been trained in secure coding techniques?,,,,,,,,,,,,,,,,,,,,,,,,,,,,,,,,,,,,,,,,,,,,,,,,,,
Higher Education Community Vendor Assessment Tool (HECVAT) - Full (v2.11),205,PPPR-05: Was your application developed using secure coding techniques?,,,,,,,,,,,,,,,,,,,,,,,,,,,,,,,,,,,,,,,,,,,,,,,,,,
Higher Education Community Vendor Assessment Tool (HECVAT) - Full (v2.11),206,PPPR-06: Do you subject your code to static code analysis and/or static application security testing prior to release?,,,,,,,,,,,,,,,,,,,,,,,,,,,,,,,,,,,,,,,,,,,,,,,,,,
Higher Education Community Vendor Assessment Tool (HECVAT) - Full (v2.11),207,PPPR-07: Do you have software testing processes (dynamic or static) that are established and followed?,,,,,,,,,,,,,,,,,,,,,,,,,,,,,,,,,,,,,,,,,,,,,,,,,,
Higher Education Community Vendor Assessment Tool (HECVAT) - Full (v2.11),208,PPPR-08: Are information security principles designed into the product lifecycle?,,,,,,,,,,,,,,,,,,,,,,,,,,,,,,,,,,,,,,,,,,,,,,,,,,
Higher Education Community Vendor Assessment Tool (HECVAT) - Full (v2.11),209,PPPR-09: Do you have a documented systems development life cycle (SDLC)?,,,,,,,,,,,,,,,,,,,,,,,,,,,,,,,,,,,,,,,,,,,,,,,,,,
Higher Education Community Vendor Assessment Tool (HECVAT) - Full (v2.11),210,PPPR-10: Do you have a formal incident response plan?,,,,,,,,,,,,,,,,,,,,,,,,,,,,,,,,,,,,,,,,,,,,,,,,,,
Higher Education Community Vendor Assessment Tool (HECVAT) - Full (v2.11),211,PPPR-11: Will you comply with applicable breach notification laws?,,,,,,,,,,,,,,,,,,,,,,,,,,,,,,,,,,,,,,,,,,,,,,,,,,
Higher Education Community Vendor Assessment Tool (HECVAT) - Full (v2.11),212,PPPR-12: Will you comply with the Institution's IT policies with regards to user privacy and data protection?,,,,,,,,,,,,,,,,,,,,,,,,,,,,,,,,,,,,,,,,,,,,,,,,,,
Higher Education Community Vendor Assessment Tool (HECVAT) - Full (v2.11),213,PPPR-13: Is your company subject to Institution's Data Zone laws and regulations?,,,,,,,,,,,,,,,,,,,,,,,,,,,,,,,,,,,,,,,,,,,,,,,,,,
Higher Education Community Vendor Assessment Tool (HECVAT) - Full (v2.11),214,PPPR-14: Do you perform background screenings or multi-state background checks on all employees prior to their first day of work?,,,,,,,,,,,,,,,,,,,,,,,,,,,,,,,,,,,,,,,,,,,,,,,,,,
Higher Education Community Vendor Assessment Tool (HECVAT) - Full (v2.11),215,PPPR-15: Do you require new employees to fill out agreements and review policies?  ,,,,,,,,,,,,,,,,,,,,,,,,,,,,,,,,,,,,,,,,,,,,,,,,,,
Higher Education Community Vendor Assessment Tool (HECVAT) - Full (v2.11),216,PPPR-16: Do you have documented information security policy?,,,,,,,,,,,,,,,,,,,,,,,,,,,,,,,,,,,,,,,,,,,,,,,,,,
Higher Education Community Vendor Assessment Tool (HECVAT) - Full (v2.11),217,PPPR-17: Do you have an information security awareness program?,,,,,,,,,,,,,,,,,,,,,,,,,,,,,,,,,,,,,,,,,,,,,,,,,,
Higher Education Community Vendor Assessment Tool (HECVAT) - Full (v2.11),218,PPPR-18: Is security awareness training mandatory for all employees?,,,,,,,,,,,,,,,,,,,,,,,,,,,,,,,,,,,,,,,,,,,,,,,,,,
Higher Education Community Vendor Assessment Tool (HECVAT) - Full (v2.11),219,"PPPR-19: Do you have process and procedure(s) documented, and currently followed, that require a review and update of the access-list(s) for privileged accounts?",,,,,,,,,,,,,,,,,,,,,,,,,,,,,,,,,,,,,,,,,,,,,,,,,,
Higher Education Community Vendor Assessment Tool (HECVAT) - Full (v2.11),220,"PPPR-20: Do you have documented, and currently implemented, internal audit processes and procedures?",,,,,,,,,,,,,,,,,,,,,,,,,,,,,,,,,,,,,,,,,,,,,,,,,,
Higher Education Community Vendor Assessment Tool (HECVAT) - Full (v2.11),221,Product Evaluation: ,Vendor Answers,,,,,,,,,,,,,,,,,,,,,,,,,,,,,,,,,,,,,,,,,,,,,,,,,
Higher Education Community Vendor Assessment Tool (HECVAT) - Full (v2.11),222,PROD-01: Do you incorporate customer feedback into security feature requests?,,,,,,,,,,,,,,,,,,,,,,,,,,,,,,,,,,,,,,,,,,,,,,,,,,
Higher Education Community Vendor Assessment Tool (HECVAT) - Full (v2.11),223,PROD-02: Can you provide an evaluation site to the institution for testing?,,,,,,,,,,,,,,,,,,,,,,,,,,,,,,,,,,,,,,,,,,,,,,,,,,
Higher Education Community Vendor Assessment Tool (HECVAT) - Full (v2.11),224,Quality Assurance: ,Vendor Answers,,,,,,,,,,,,,,,,,,,,,,,,,,,,,,,,,,,,,,,,,,,,,,,,,
Higher Education Community Vendor Assessment Tool (HECVAT) - Full (v2.11),225,QLAS-01: Provide a general summary of your Quality Assurance program.,,,,,,,,,,,,,,,,,,,,,,,,,,,,,,,,,,,,,,,,,,,,,,,,,,
Higher Education Community Vendor Assessment Tool (HECVAT) - Full (v2.11),226,QLAS-02: Do you comply with ISO 9001?,,,,,,,,,,,,,,,,,,,,,,,,,,,,,,,,,,,,,,,,,,,,,,,,,,
Higher Education Community Vendor Assessment Tool (HECVAT) - Full (v2.11),227,QLAS-03: Will your company provide quality and performance metrics in relation to the scope of services and performance expectations for the services you are offering?,,,,,,,,,,,,,,,,,,,,,,,,,,,,,,,,,,,,,,,,,,,,,,,,,,
Higher Education Community Vendor Assessment Tool (HECVAT) - Full (v2.11),228,QLAS-04: Have you supplied products and/or services to the Institution (or its Campuses) in the last five years?,,,,,,,,,,,,,,,,,,,,,,,,,,,,,,,,,,,,,,,,,,,,,,,,,,
Higher Education Community Vendor Assessment Tool (HECVAT) - Full (v2.11),229,QLAS-05: Do you have a program to keep your customers abreast of higher education and/or industry issues?,,,,,,,,,,,,,,,,,,,,,,,,,,,,,,,,,,,,,,,,,,,,,,,,,,
Higher Education Community Vendor Assessment Tool (HECVAT) - Full (v2.11),230,Systems Management & Configuration: ,Vendor Answers,,,,,,,,,,,,,,,,,,,,,,,,,,,,,,,,,,,,,,,,,,,,,,,,,
Higher Education Community Vendor Assessment Tool (HECVAT) - Full (v2.11),231,SYST-01: Are systems that support this service managed via a separate management network?,,,,,,,,,,,,,,,,,,,,,,,,,,,,,,,,,,,,,,,,,,,,,,,,,,
Higher Education Community Vendor Assessment Tool (HECVAT) - Full (v2.11),232,"SYST-02: Do you have an implemented system configuration management process? (e.g. secure ""gold"" images, etc.)",,,,,,,,,,,,,,,,,,,,,,,,,,,,,,,,,,,,,,,,,,,,,,,,,,
Higher Education Community Vendor Assessment Tool (HECVAT) - Full (v2.11),233,SYST-03: Are employee mobile devices managed by your company's Mobile Device Management (MDM) platform?,,,,,,,,,,,,,,,,,,,,,,,,,,,,,,,,,,,,,,,,,,,,,,,,,,
Higher Education Community Vendor Assessment Tool (HECVAT) - Full (v2.11),234,"SYST-04: Do you have a systems management and configuration strategy that encompasses servers, appliances, and mobile devices (company and employee owned)?",,,,,,,,,,,,,,,,,,,,,,,,,,,,,,,,,,,,,,,,,,,,,,,,,,
Higher Education Community Vendor Assessment Tool (HECVAT) - Full (v2.11),235,Vulnerability Scanning: ,Vendor Answers,,,,,,,,,,,,,,,,,,,,,,,,,,,,,,,,,,,,,,,,,,,,,,,,,
Higher Education Community Vendor Assessment Tool (HECVAT) - Full (v2.11),236,VULN-01: Are your applications scanned externally for vulnerabilities?,,,,,,,,,,,,,,,,,,,,,,,,,,,,,,,,,,,,,,,,,,,,,,,,,,
Higher Education Community Vendor Assessment Tool (HECVAT) - Full (v2.11),237,VULN-02: Have your applications had an external vulnerability assessment in the last year?,,,,,,,,,,,,,,,,,,,,,,,,,,,,,,,,,,,,,,,,,,,,,,,,,,
Higher Education Community Vendor Assessment Tool (HECVAT) - Full (v2.11),238,VULN-03: Are your applications scanned for vulnerabilities prior to new releases?,,,,,,,,,,,,,,,,,,,,,,,,,,,,,,,,,,,,,,,,,,,,,,,,,,
Higher Education Community Vendor Assessment Tool (HECVAT) - Full (v2.11),239,VULN-04: Are your systems scanned externally for vulnerabilities?,,,,,,,,,,,,,,,,,,,,,,,,,,,,,,,,,,,,,,,,,,,,,,,,,,
Higher Education Community Vendor Assessment Tool (HECVAT) - Full (v2.11),240,VULN-05: Have your systems had an external vulnerability assessment in the last year?,,,,,,,,,,,,,,,,,,,,,,,,,,,,,,,,,,,,,,,,,,,,,,,,,,
Higher Education Community Vendor Assessment Tool (HECVAT) - Full (v2.11),241,VULN-06: Describe or provide a reference to the tool(s) used to scan for vulnerabilities in your applications and systems.,,,,,,,,,,,,,,,,,,,,,,,,,,,,,,,,,,,,,,,,,,,,,,,,,,
Higher Education Community Vendor Assessment Tool (HECVAT) - Full (v2.11),242,VULN-07: Will you provide results of security scans to the Institution?,,,,,,,,,,,,,,,,,,,,,,,,,,,,,,,,,,,,,,,,,,,,,,,,,,
Higher Education Community Vendor Assessment Tool (HECVAT) - Full (v2.11),243,"VULN-08: Describe or provide a reference to how you monitor for and protect against common web application security vulnerabilities (e.g. SQL injection, XSS, XSRF, etc.).",,,,,,,,,,,,,,,,,,,,,,,,,,,,,,,,,,,,,,,,,,,,,,,,,,
Higher Education Community Vendor Assessment Tool (HECVAT) - Full (v2.11),244,VULN-09: Will you allow the institution to perform its own security testing of your systems and/or application provided that testing is performed at a mutually agreed upon time and date?,,,,,,,,,,,,,,,,,,,,,,,,,,,,,,,,,,,,,,,,,,,,,,,,,,
Higher Education Community Vendor Assessment Tool (HECVAT) - Full (v2.11),245,HIPAA: ,Vendor Answers,,,,,,,,,,,,,,,,,,,,,,,,,,,,,,,,,,,,,,,,,,,,,,,,,
Higher Education Community Vendor Assessment Tool (HECVAT) - Full (v2.11),246,HIPA-01: Do your workforce members receive regular training related to the HIPAA Privacy and Security Rules and the HITECH Act?,,,,,,,,,,,,,,,,,,,,,,,,,,,,,,,,,,,,,,,,,,,,,,,,,,
Higher Education Community Vendor Assessment Tool (HECVAT) - Full (v2.11),247,HIPA-02: Do you monitor or receive information regarding changes in HIPAA regulations?,,,,,,,,,,,,,,,,,,,,,,,,,,,,,,,,,,,,,,,,,,,,,,,,,,
Higher Education Community Vendor Assessment Tool (HECVAT) - Full (v2.11),248,HIPA-03: Has your organization designated HIPAA Privacy and Security officers as required by the Rules?,,,,,,,,,,,,,,,,,,,,,,,,,,,,,,,,,,,,,,,,,,,,,,,,,,
Higher Education Community Vendor Assessment Tool (HECVAT) - Full (v2.11),249,HIPA-04: Do you comply with the requirements of the Health Information Technology for Economic and Clinical Health Act (HITECH)?,,,,,,,,,,,,,,,,,,,,,,,,,,,,,,,,,,,,,,,,,,,,,,,,,,
Higher Education Community Vendor Assessment Tool (HECVAT) - Full (v2.11),250,HIPA-05: Do you have an incident response process and reporting in place to investigate any potential incidents and report actual incidents?,,,,,,,,,,,,,,,,,,,,,,,,,,,,,,,,,,,,,,,,,,,,,,,,,,
Higher Education Community Vendor Assessment Tool (HECVAT) - Full (v2.11),251,HIPA-06: Do you have a plan to comply with the Breach Notification requirements if there is a breach of data?,,,,,,,,,,,,,,,,,,,,,,,,,,,,,,,,,,,,,,,,,,,,,,,,,,
Higher Education Community Vendor Assessment Tool (HECVAT) - Full (v2.11),252,HIPA-07: Have you conducted a risk analysis as required under the Security Rule?,,,,,,,,,,,,,,,,,,,,,,,,,,,,,,,,,,,,,,,,,,,,,,,,,,
Higher Education Community Vendor Assessment Tool (HECVAT) - Full (v2.11),253,HIPA-08: Have you identified areas of risks?,,,,,,,,,,,,,,,,,,,,,,,,,,,,,,,,,,,,,,,,,,,,,,,,,,
Higher Education Community Vendor Assessment Tool (HECVAT) - Full (v2.11),254,HIPA-09: Have you taken actions to mitigate the identified risks?,,,,,,,,,,,,,,,,,,,,,,,,,,,,,,,,,,,,,,,,,,,,,,,,,,
Higher Education Community Vendor Assessment Tool (HECVAT) - Full (v2.11),255,HIPA-10: Does your application require user and system administrator password changes at a frequency no greater than 90 days?,,,,,,,,,,,,,,,,,,,,,,,,,,,,,,,,,,,,,,,,,,,,,,,,,,
Higher Education Community Vendor Assessment Tool (HECVAT) - Full (v2.11),256,HIPA-11: Does your application require a user to set their own password after an administrator reset or on first use of the account?,,,,,,,,,,,,,,,,,,,,,,,,,,,,,,,,,,,,,,,,,,,,,,,,,,
Higher Education Community Vendor Assessment Tool (HECVAT) - Full (v2.11),257,HIPA-12: Does your application lock-out an account after a number of failed login attempts? ,,,,,,,,,,,,,,,,,,,,,,,,,,,,,,,,,,,,,,,,,,,,,,,,,,
Higher Education Community Vendor Assessment Tool (HECVAT) - Full (v2.11),258,HIPA-13: Does your application automatically lock or log-out an account after a period of inactivity?,,,,,,,,,,,,,,,,,,,,,,,,,,,,,,,,,,,,,,,,,,,,,,,,,,
Higher Education Community Vendor Assessment Tool (HECVAT) - Full (v2.11),259,"HIPA-14: Are passwords visible in plain text, whether when stored or entered, including service level accounts (i.e. database accounts, etc.)?",,,,,,,,,,,,,,,,,,,,,,,,,,,,,,,,,,,,,,,,,,,,,,,,,,
Higher Education Community Vendor Assessment Tool (HECVAT) - Full (v2.11),260,"HIPA-15: If the application is institution-hosted, can all service level and administrative account passwords be changed by the institution?",,,,,,,,,,,,,,,,,,,,,,,,,,,,,,,,,,,,,,,,,,,,,,,,,,
Higher Education Community Vendor Assessment Tool (HECVAT) - Full (v2.11),261,HIPA-16: Does your application provide the ability to define user access levels?,,,,,,,,,,,,,,,,,,,,,,,,,,,,,,,,,,,,,,,,,,,,,,,,,,
Higher Education Community Vendor Assessment Tool (HECVAT) - Full (v2.11),262,HIPA-17: Does your application support varying levels of access to administrative tasks defined individually per user?,,,,,,,,,,,,,,,,,,,,,,,,,,,,,,,,,,,,,,,,,,,,,,,,,,
Higher Education Community Vendor Assessment Tool (HECVAT) - Full (v2.11),263,HIPA-18: Does your application support varying levels of access to records based on user ID?,,,,,,,,,,,,,,,,,,,,,,,,,,,,,,,,,,,,,,,,,,,,,,,,,,
Higher Education Community Vendor Assessment Tool (HECVAT) - Full (v2.11),264,HIPA-19: Is there a limit to the number of groups a user can be assigned?,,,,,,,,,,,,,,,,,,,,,,,,,,,,,,,,,,,,,,,,,,,,,,,,,,
Higher Education Community Vendor Assessment Tool (HECVAT) - Full (v2.11),265,HIPA-20: Do accounts used for vendor supplied remote support abide by the same authentication policies and access logging as the rest of the system?,,,,,,,,,,,,,,,,,,,,,,,,,,,,,,,,,,,,,,,,,,,,,,,,,,
Higher Education Community Vendor Assessment Tool (HECVAT) - Full (v2.11),266,"HIPA-21: Does the application log record access including specific user, date/time of access, and originating IP or device? ",,,,,,,,,,,,,,,,,,,,,,,,,,,,,,,,,,,,,,,,,,,,,,,,,,
Higher Education Community Vendor Assessment Tool (HECVAT) - Full (v2.11),267,"HIPA-22: Does the application log administrative activity, such user account access changes and password changes, including specific user, date/time of changes, and originating IP or device?",,,,,,,,,,,,,,,,,,,,,,,,,,,,,,,,,,,,,,,,,,,,,,,,,,
Higher Education Community Vendor Assessment Tool (HECVAT) - Full (v2.11),268,HIPA-23: How long does the application keep access/change logs?,,,,,,,,,,,,,,,,,,,,,,,,,,,,,,,,,,,,,,,,,,,,,,,,,,
Higher Education Community Vendor Assessment Tool (HECVAT) - Full (v2.11),269,HIPA-24: Can the application logs be archived? ,,,,,,,,,,,,,,,,,,,,,,,,,,,,,,,,,,,,,,,,,,,,,,,,,,
Higher Education Community Vendor Assessment Tool (HECVAT) - Full (v2.11),270,HIPA-25: Can the application logs be saved externally? ,,,,,,,,,,,,,,,,,,,,,,,,,,,,,,,,,,,,,,,,,,,,,,,,,,
Higher Education Community Vendor Assessment Tool (HECVAT) - Full (v2.11),271,HIPA-26: Does your data backup and retention policies and practices meet HIPAA requirements?,,,,,,,,,,,,,,,,,,,,,,,,,,,,,,,,,,,,,,,,,,,,,,,,,,
Higher Education Community Vendor Assessment Tool (HECVAT) - Full (v2.11),272,HIPA-27: Do you have a disaster recovery plan and emergency mode operation plan?,,,,,,,,,,,,,,,,,,,,,,,,,,,,,,,,,,,,,,,,,,,,,,,,,,
Higher Education Community Vendor Assessment Tool (HECVAT) - Full (v2.11),273,HIPA-28: Have the policies/plans mentioned above been tested?,,,,,,,,,,,,,,,,,,,,,,,,,,,,,,,,,,,,,,,,,,,,,,,,,,
Higher Education Community Vendor Assessment Tool (HECVAT) - Full (v2.11),274,HIPA-29: Can you provide a HIPAA compliance attestation document?,,,,,,,,,,,,,,,,,,,,,,,,,,,,,,,,,,,,,,,,,,,,,,,,,,
Higher Education Community Vendor Assessment Tool (HECVAT) - Full (v2.11),275,HIPA-30: Are you willing to enter into a Business Associate Agreement (BAA)?,,,,,,,,,,,,,,,,,,,,,,,,,,,,,,,,,,,,,,,,,,,,,,,,,,
Higher Education Community Vendor Assessment Tool (HECVAT) - Full (v2.11),276,HIPA-31: Have you entered into a BAA with all subcontractors who may have access to protected health information (PHI)?,,,,,,,,,,,,,,,,,,,,,,,,,,,,,,,,,,,,,,,,,,,,,,,,,,
Higher Education Community Vendor Assessment Tool (HECVAT) - Full (v2.11),277,PCI DSS: ,Vendor Answers,,,,,,,,,,,,,,,,,,,,,,,,,,,,,,,,,,,,,,,,,,,,,,,,,
Higher Education Community Vendor Assessment Tool (HECVAT) - Full (v2.11),278,"PCID-01: Do your systems or products store, process, or transmit cardholder (payment/credit/debt card) data?",,,,,,,,,,,,,,,,,,,,,,,,,,,,,,,,,,,,,,,,,,,,,,,,,,
Higher Education Community Vendor Assessment Tool (HECVAT) - Full (v2.11),279,PCID-02: Are you compliant with the Payment Card Industry Data Security Standard (PCI DSS)?,,,,,,,,,,,,,,,,,,,,,,,,,,,,,,,,,,,,,,,,,,,,,,,,,,
Higher Education Community Vendor Assessment Tool (HECVAT) - Full (v2.11),280,"PCID-03: Do you have a current, executed within the past year, Attestation of Compliance (AoC) or Report on Compliance (RoC)?",,,,,,,,,,,,,,,,,,,,,,,,,,,,,,,,,,,,,,,,,,,,,,,,,,
Higher Education Community Vendor Assessment Tool (HECVAT) - Full (v2.11),281,PCID-04: Are you classified as a service provider?,,,,,,,,,,,,,,,,,,,,,,,,,,,,,,,,,,,,,,,,,,,,,,,,,,
Higher Education Community Vendor Assessment Tool (HECVAT) - Full (v2.11),282,PCID-05: Are you on the list of VISA approved service providers? ,,,,,,,,,,,,,,,,,,,,,,,,,,,,,,,,,,,,,,,,,,,,,,,,,,
Higher Education Community Vendor Assessment Tool (HECVAT) - Full (v2.11),283,"PCID-06: Are you classified as a merchant?  If so, what level (1, 2, 3, 4)?",,,,,,,,,,,,,,,,,,,,,,,,,,,,,,,,,,,,,,,,,,,,,,,,,,
Higher Education Community Vendor Assessment Tool (HECVAT) - Full (v2.11),284,PCID-07: Describe the architecture employed by the system to verify and authorize credit card transactions.,,,,,,,,,,,,,,,,,,,,,,,,,,,,,,,,,,,,,,,,,,,,,,,,,,
Higher Education Community Vendor Assessment Tool (HECVAT) - Full (v2.11),285,PCID-08: What payment processors/gateways does the system support? ,,,,,,,,,,,,,,,,,,,,,,,,,,,,,,,,,,,,,,,,,,,,,,,,,,
Higher Education Community Vendor Assessment Tool (HECVAT) - Full (v2.11),286,PCID-09: Can the application be installed in a PCI DSS compliant manner ?,,,,,,,,,,,,,,,,,,,,,,,,,,,,,,,,,,,,,,,,,,,,,,,,,,
Higher Education Community Vendor Assessment Tool (HECVAT) - Full (v2.11),287,PCID-10: Is the application listed as an approved PA-DSS application? ,,,,,,,,,,,,,,,,,,,,,,,,,,,,,,,,,,,,,,,,,,,,,,,,,,
Higher Education Community Vendor Assessment Tool (HECVAT) - Full (v2.11),288,"PCID-11: Does the system or products use a third party to collect, store, process, or transmit cardholder (payment/credit/debt card) data?",,,,,,,,,,,,,,,,,,,,,,,,,,,,,,,,,,,,,,,,,,,,,,,,,,
Higher Education Community Vendor Assessment Tool (HECVAT) - Full (v2.11),289,PCID-12: Include documentation describing the systems' abilities to comply with the PCI DSS and any features or capabilities of the system that must be added or changed in order to operate in compliance with the standards. ,,,,,,,,,,,,,,,,,,,,,,,,,,,,,,,,,,,,,,,,,,,,,,,,,,